frame.time_epoch,dns.qry.name
1760509440.192821000,p.c7aec5d0d81ba8748acac6931e5add6c24b635181443d0b9d2.hex.cloudflar3.com
1760509440.426899000,p.f8aad90d5fc7774c1e7ee451e755831cd02bfaac3204aed8a4.hex.cloudflar3.com
1760509440.497508000,p.3dfec8a22cde4db4463db2c35742062a415441f526daecb59b.hex.cloudflar3.com
1760509440.599459000,p.f6af1ecb8cc9827a259401e850e5e07fdc3c1137f1.hex.cloudflar3.com
1760509443.714885000,f.6837abc6655c12c454abe0ca85a596e98473172829581235dd.hex.cloudflar3.com
1760509443.769962000,f.95380b06bf6dd06b89118b0003ea044700a5f2c4c106c3.hex.cloudflar3.com
